id,email,encrypted_password,reset_password_token,reset_password_sent_at,remember_created_at,sign_in_count,current_sign_in_at,last_sign_in_at,current_sign_in_ip,last_sign_in_ip,name,role,phone,address_id
1,calvin.cheng.cc@outlook.com,$2a$10$CNnmey97vSjfvsPW2kT3H.BAcW.BU58xa66AyTnNSUadm3lly49sW,,,,0,,,,,Calvin Cheng,2,6043128081,1
2,aliao@example.com,$2a$10$5CQjB7zlpBJlFmAWoY8AhuoZvgWaUIWgikA9AeSbpkaXYIj8poWxS,,,,0,,,,,Anabelle Liao,1,4216160000,2
3,ecombs@example.com,$2a$10$2E7G2KqF1XcVhj2cAeXaPOwmzLsA150CxidbmVv67fWAOgDssak.S,,,,0,,,,,Erik Combs,0,4382719285,3
4,natalie@example.com,$2a$10$Rx1O2vqDcTrbYTvEphH8oe.eYHQoc/JKkliLY/uY6TBcRBamOZMVS,,,,0,,,,,Natalie Bolduc,0,583716379,4
5,mnilsen@example.com,$2a$10$Lb4OHy.E6lGAl7I70JAFcebl8s3.uXrUwmAYf2f8l9zYNYBpmJ0BC,,,,0,,,,,Madeleine Nilsen,0,5829774637,5
6,patrik@example.com,$2a$10$vuiZNwGu9o6AEG36SsZwFOV5RJkStj3HiOI2k7DlG0FO4RzK2.pmC,,,,0,,,,,Patrik Larsson,0,7947252898,6
7,sed.dui@vestibulum.net,$2a$10$CvzdvY2MsI3l3aPmoqNUb.wY36iUaTI67IiJV5hxzcAwv65sdkzN6,,,,0,,,,,Evangeline Buck,1,1091090678,7
8,integer.eu.lacus@ut.co.uk,$2a$10$0vipDVEfnAfEGeuoC5UG0O73YHwu2tkXZ5pRj35Z9msyI1AclGMdG,,,,0,,,,,Tanner Wright,0,3773740888,8
9,ante@utsemper.com,$2a$10$eYZCzsXwnAL9CtPxK4MyVOCBvioqHT9RTTVBfzUOsEpftROdHNHA2,,,,0,,,,,Ali Lynn,0,2021020067,9
10,sapien.gravida@tincidunt.net,$2a$10$VZJgCV2a4U0Z/4B3/vcrOOt2SCjifbydI1BZ8OJ1cmhMZ5UVPuNOe,,,,0,,,,,Amery Mckenzie,1,5682851688,10
11,maecenas@viverradonectempus.co.uk,$2a$10$OIxnLec5DgQIeZUlOR6ZV.w3tRIEOuwc/1F5jz37k9HpfZqqHqtcS,,,,0,,,,,Jaquelyn Greene,1,3092372403,11
12,praesent.luctus.curabitur@duiselementum.ca,$2a$10$4OqRxbnEI2Z2obG4w35Sweylm8ptuC/3MY3hM.JaKU2sHDvX/ctau,,,,0,,,,,Renee Pruitt,0,9187005914,12
13,tellus@proinnislsem.co.uk,$2a$10$lhle973YsNTsdUAkx/TtQeO/Sd8SYScn2xwb0lIHatLxqwuAwoCtK,,,,0,,,,,Quinlan Giles,1,5043966216,13
14,vulputate@pharetraquisque.ca,$2a$10$mCfeiuZAnt3t7WnL8A6ziOtYRH5OqGocs9bn8tgR9rhjXvOVZTXWK,,,,0,,,,,Ignatius Cooke,0,2243313982,14
15,ante.nunc@magnis.co.uk,$2a$10$BmJUkKc38Audixdy4OcKS.h55U.YFOtVyn1xB1JKS.guT4LGM8IqG,,,,0,,,,,Kim Huff,0,5209443227,15
16,donec.sollicitudin.adipiscing@tortorinteger.net,$2a$10$Sp2Mhp3q8Us1WamFKbUk6OyLr5lf0FRaVmFjDKa/uElX6NPnVKHSG,,,,0,,,,,Carissa Palmer,1,8036964466,16
17,tempor.bibendum@enimsuspendissealiquet.edu,$2a$10$7iJMLOlB4SdwW6YAhJyPNObNVO5SvAVZeSHnA8dmncij7OOy3B.CK,,,,0,,,,,Rooney Barrera,1,9699849319,17
18,nascetur@etrisus.ca,$2a$10$IJct0edWn/K6SMe1GWMrgOm9KK9zkldhp9ejCMnuqTgHX8F7/fR.u,,,,0,,,,,Phelan Morales,1,3127090645,18
19,diam@inloremdonec.edu,$2a$10$mugPRKIjkel3LN7b/6dVweT.lC/tDdXeOJ7xurwcNK/C1gNka0qNW,,,,0,,,,,Diana Maynard,1,3079939846,19
20,gravida@etmagna.com,$2a$10$22eQvDFZyjk3zyrEQxrzE.rYqgJwtYNL5/RUQaD0tzjzstHCLSu9K,,,,0,,,,,Libby Robinson,1,6577772797,20
21,sed@faucibusleo.com,$2a$10$4YbgApkqWJWWwv761B6JCu0ZTPkRFzFtdvL6wxn4m0C8OyRKMWgIe,,,,0,,,,,Florence Watson,0,9121450416,21
22,commodo.hendrerit.donec@vivamus.co.uk,$2a$10$fyCoo3zsse.bRZimK3qOxeSyj83sVxIdI9QCXP95j3rdgzocum0xW,,,,0,,,,,Kato Norris,1,4552712459,22
23,vitae.dolor.donec@ac.net,$2a$10$I.J4GN9T4jPBSWh72FG2rOIJ2yHuiGAcRFlGIxkpNxeJ6.4c4rlTq,,,,0,,,,,Castor Sparks,1,2094829638,23
24,magna.nec@quis.org,$2a$10$lb4wpbmHY6jSCmF.scvNduEzjqhjVfpsY3hWOisHT6o7kWc4jJq/C,,,,0,,,,,Ira Floyd,1,8531208356,24
25,sapien@risusvariusorci.ca,$2a$10$92LrnvLgM1s37.OmzPhwteyxYAgESvmuYJrcA9IYwdRT61EW.fNFm,,,,0,,,,,Shad Craft,1,5438602291,25
26,mauris.morbi@lectuspedeet.ca,$2a$10$EyhWjTBW1GWszWHbhQF1Ze3iswiWwVLO1MCJRS0RPUk5BMICgV30S,,,,0,,,,,Velma Chandler,0,7648298286,26
27,eleifend.nec.malesuada@in.edu,$2a$10$n/CmED/39m775S0Uucrj/unH75c8NlahgFH3gTt.ua7sxImkXdY6y,,,,0,,,,,Forrest Erickson,1,2573830709,27
28,sapien@nonloremvitae.co.uk,$2a$10$nFQRJIiqwY/uN.IU/UQTc.dHT9M7vzFTYWyVETaRZect6WW.tciH2,,,,0,,,,,Melanie Orr,1,9346457645,28
29,ornare@cursus.net,$2a$10$H16DqtTRT8hIfUHibxNOv.X3jTI.jLTgMD1GBgrtGLCYzQqcHI7Qe,,,,0,,,,,Darius Wong,0,6497596427,29
30,pharetra@convallisestvitae.com,$2a$10$yzipfTBC0AFJ78vC.ihy0OWmCoegXClNfBnMtlOcu5OPvfTAWC1Sa,,,,0,,,,,Glenna Holloway,1,9146228489,30
31,pellentesque@ridiculusmusaenean.org,$2a$10$GjupqWcwyQmoj3JBPUyB7et/NSAcjoG2SvbapBn6BCqpy78VZcJ6a,,,,0,,,,,Fatima Sargent,1,8643679807,31
32,auctor.nunc.nulla@metusfacilisislorem.com,$2a$10$FtL2t2nfs4athAPmVFspfOS3TTAxH2ErPOqC1xT2DCjWF2AJkY7SS,,,,0,,,,,Akeem Terry,1,1613647359,32
33,interdum@vehicula.co.uk,$2a$10$ryKo0VYpbJGHZfdmK/0YCOp9Yqb4bYmYXzjV2mcyGzWGuWrirmtj6,,,,0,,,,,Paula Porter,0,8849016838,33
34,eu.ultrices.sit@fringillaest.org,$2a$10$yrYCH83HyI0rZSqs0VGsV.DMsnVdPQsnhBE41t/RzCMf9EairOu0.,,,,0,,,,,Nero Drake,0,8778862669,34
35,congue@aliquetdiamsed.ca,$2a$10$qZvfSMPtk7UZhDsVuOZkzeN8UnYA/nrN8UjlrkAk8uuZnTXW11QaK,,,,0,,,,,Rae Little,0,5976532433,35
36,a.felis.ullamcorper@sit.ca,$2a$10$6U6T4PuvP2MCPdNRMmfoHu/IYlbDWlSmXrUU2xxmSXw9hRhZ6yC.S,,,,0,,,,,Orson West,1,6187549728,36
37,risus@eu.com,$2a$10$z88lm8lEUygHQV/t8qUDu.3sePzsKQIUcVWalgEwnoM7yi0FRr7TC,,,,0,,,,,Quynn Garner,0,9976446326,37
38,interdum.ligula.eu@nequeseddictum.co.uk,$2a$10$PMSQEMWQhRnRKHXgFKQO7ODDuZkHte/EqPlxnUQXkarLuNGX7HGVS,,,,0,,,,,Helen Morrow,0,9139836416,38
39,mi@vivamusrhoncus.ca,$2a$10$88iVWfO4ZQ4.eGlTBwBEkOYpYrzTYL2wo3Kpc.cP5/YJvK01mg1Q6,,,,0,,,,,Holmes Haynes,0,4055494218,39
40,nulla@nullaeu.edu,$2a$10$0kdUAHCxjpkbKcPDHjxGwuknJ0qo04OTuEZV6FtU0kKZmLuSJiHRe,,,,0,,,,,Ima Stark,0,1234420086,40
41,risus.quis@antedictum.ca,$2a$10$IrQ5JLaJue5ag91xBHxeH.JZ/jlOngPeyApsPccSSKkhE1esoRsae,,,,0,,,,,Lesley Frye,1,2105886586,41
42,taciti.sociosqu@sit.com,$2a$10$5l41W0Gw0SzWk5v5GvBIFeN0RsaCiF2b1altYp1thNOD405hmrbbm,,,,0,,,,,Dexter Petty,0,1025672951,42
43,ornare@donecconsectetuer.ca,$2a$10$iVwu.dfvkhtTtTmEONvjh.yyUdCp59AIOrDDw1jhGVfL6tc90BCLK,,,,0,,,,,Galena Donaldson,0,3771959947,43
44,turpis.nec@disparturient.co.uk,$2a$10$/sQOAPKq2UYP.1midOipselj/qnUfYgNzJSCkwGhPoe980PVIOXsu,,,,0,,,,,Meredith Vaughn,1,8873719142,44
45,massa.non@posuerecubilia.com,$2a$10$516TDDiWj4aYBcPTWNjQyeuc2L/PdFzA2Yalsj7TgCzt5qyOqbIYO,,,,0,,,,,Rashad Marks,1,1012904156,45
46,posuere@euismod.com,$2a$10$fVXE8PtgxdflwZpbwA7VVedIZZ5Z5SGvLzRL92kYNzGgIMxl2ra4S,,,,0,,,,,Emerson Barr,1,2524948281,46
47,molestie@fringillami.net,$2a$10$4Bf5mnB0LrqJua9B9QO7r.8JA7BlYg5NtU8pKOy.e9HxjCYvdEX0G,,,,0,,,,,Hanna Padilla,1,3289315199,47
48,orci@ipsumsuspendissesagittis.co.uk,$2a$10$eWfLjwQQzj7iv5dwl8iU.uFZA/l1TxpG3/IoMV1yEvwJh3S.Z/oqC,,,,0,,,,,Holly Noel,1,4599503257,48
49,sit@aliquameros.edu,$2a$10$jio8TqCLDTvmfPKRm4hfoeD4TR3tCNqwBEKwwNVqWEg04MfL8vG3K,,,,0,,,,,Jenna Williams,1,2585288636,49
50,tristique.neque.venenatis@imperdietornare.org,$2a$10$O7Qpn3LBxNhCWvzP.797TuYfwFopHeuM4xlnw1tfGlYGPg4oc/VBu,,,,0,,,,,Haley Bradford,0,4173095109,50
51,eleifend@nullamscelerisqueneque.org,$2a$10$1XbbY1CFg1IVdQG53xUQW.yAkU1FYT5JENryKbEfEm6Na7tNudcgC,,,,0,,,,,Riley Tanner,1,5577761554,51
52,facilisis.eget@egestasascelerisque.org,$2a$10$ECv9NTmt5styRJCrAqRDiORqJ8khU/1UsBzWF1/SKBNq.dDDCBz2q,,,,0,,,,,Zelenia Silva,1,7062148366,52
53,vehicula.aliquet@blandit.co.uk,$2a$10$pabuMT04x7L/sBX7lAOhKO8n4Tv.Licbm1MBvfuXrZ2TXaPt3wH9q,,,,0,,,,,Jolie Hopper,1,7415828650,53
54,nisl.elementum.purus@pellentesquetellus.org,$2a$10$i8wK/CcAH8iVdxQlgVbEyu.hJqEnvRZCQzFAEiqpVQ0lfwyQDCzhO,,,,0,,,,,Fallon Prince,1,9769777947,54
55,arcu.ac@et.com,$2a$10$bzE.CjxQMSkYsJJwHniJTOw6i5YiU2jCjp6QtrOgDBbzf7ndBfe.u,,,,0,,,,,Sybill Kelly,1,8086495765,55
56,donec.fringilla.donec@cursusvestibulummauris.edu,$2a$10$TjD4tXS5uAN0Qiqd90IYpubeqJDLEume41JmxMjZr5tCMfwnmeCBi,,,,0,,,,,Keith Allison,0,6006648765,56
57,dapibus.ligula.aliquam@quislectusnullam.edu,$2a$10$kWeeJSONxb2hJeSCZ/0bE.sLacrtBPOUbyxRcd4bVorlJfXBoQYfu,,,,0,,,,,Abel Duncan,0,9708601063,57
58,dolor.donec.fringilla@enimsit.com,$2a$10$50og4W965UIm2cqzeLJEmOxFbNAO50boLRq6JJXp8cn7Q2YS11XTy,,,,0,,,,,Yoko Byers,1,4635409224,58
59,quam.a.felis@ipsum.edu,$2a$10$CCS.T81.yLCYWZm243vw9ulxVUWP.X2Nh0VkzBGZGAMtxwI1rccoW,,,,0,,,,,Emerson Sanford,1,3536323663,59
60,egestas@duisemper.edu,$2a$10$YDPtfo8HpJlQFN.0KXbTQOhXSPi88ybREUTNXfMegB5Qnut4IbKQ.,,,,0,,,,,Emerson Dillon,1,2709004058,60
61,rutrum.lorem@massarutrum.net,$2a$10$QuCngdxD7EHoIpz75nLCdOHWd0AJ7UlJRM4fBPnwCscDQgZM.Pxxu,,,,0,,,,,Wynne Lawson,1,9818743307,61
62,facilisi.sed.neque@nequesed.com,$2a$10$W4xtxWRi5gQrTDAtQveAW.p9xzDeVOg712eLv9U324bm3jSlENiXe,,,,0,,,,,Serena Nelson,0,7422902940,62
63,est@namligulaelit.co.uk,$2a$10$2q9pnq737O2OHFs17akTJuM2kbX3tWZ90MepjTgs3quHAg0miKW1e,,,,0,,,,,Ivana Randolph,1,2026226943,63
64,pellentesque.tellus.sem@elita.net,$2a$10$ckVtK5ATg9iwnIByONOWKOT7gbbVp9jJSDnlVQEbwETD1BEO2PCTe,,,,0,,,,,Echo Bush,0,9895659765,64
65,eu.nibh@nullaat.com,$2a$10$wJD/0.B7Yxj3sD7ng7w5xu6SztgPwt5v6zg0bk/FzTsyMTw2Njwuu,,,,0,,,,,Oliver Pratt,0,7589022254,65
66,vulputate@velquamdignissim.org,$2a$10$QmoKzm7Lmac9jFJkbGlJzeHtd6d9DFHg7AJAi2z2k2mfI7OlucqdS,,,,0,,,,,Amery Santiago,0,2977652522,66
67,pede.sagittis@lacus.ca,$2a$10$VqHxOIxhnR9m1qmmKpAUIOOyd5zFlgef.vyDKa3Qq/p9RKFYzYd/y,,,,0,,,,,Raya Stuart,1,5636220621,67
68,urna@enimcurabiturmassa.net,$2a$10$9WquMlKtqlchdVMvTiueGOYyL3f.qqwS5nK/YjKxRG2jvnoVmxl5C,,,,0,,,,,Boris Terry,0,3534866813,68
69,aliquet.diam@tinciduntadipiscingmauris.ca,$2a$10$4.qghMJ.0KCscTdok9pYKeflG.apsHUPjd54P1jaWRBZQRf290GH2,,,,0,,,,,May Dunn,1,5914953313,69
70,malesuada.ut@porttitor.org,$2a$10$PiMNgeVowy5YONYAjuvf8OlSBKnSMI3I3Vf0ve9JmF5GocoQwokL2,,,,0,,,,,Cassandra Kaufman,0,2964783846,70
71,libero.mauris@infaucibusmorbi.ca,$2a$10$Re4CsJhhTnrher2uLyvNxuxAKQZV.Oy/e0XUqx.4QdQ8FVUl5zlXW,,,,0,,,,,Buckminster Stevens,0,2652471519,71
72,eu.dolor.egestas@phasellus.net,$2a$10$qj94dfa.3cn3Zl10L8caHemXwr3J4sKRUXeEj.M6ear6jTez0Pmqe,,,,0,,,,,Amir Schultz,1,2575322148,72
73,mus.proin@velitegestaslacinia.edu,$2a$10$PnkYPc9.UuyPaikFkSlvzOmuY0mDugNkccC/o9eSL8IPMNgS363.i,,,,0,,,,,Marvin Barton,0,4163829754,73
74,malesuada.fringilla@vitaesodalesat.edu,$2a$10$Lh7h662HxGBUG0vIeoci.OBCQDcciFC5wy/FK8sZ4zxi3Qte3k.1u,,,,0,,,,,Prescott Hurst,0,7456637591,74
75,risus.quisque@dictum.ca,$2a$10$yEq3Va5HjSXWfXsRI1pEQuLh89yjxGaa7/yEOX7FEWzz6Hei.A7Ma,,,,0,,,,,Bo Reid,1,6676466624,75
76,at@ante.com,$2a$10$z2tM6ude9to.cqrWObHh2.hX95jZCePtDip8r.rWJvJkhE6fKWy8.,,,,0,,,,,Tashya Allen,0,6611417298,76
77,eget.lacus.mauris@eueuismodac.net,$2a$10$A2/kYyjcbtO/kPw/8ibdb.sFVaEvBxxBsTjKzJtUXBn1EUkRO/ASO,,,,0,,,,,Iliana Abbott,1,3056141564,77
78,metus.in.lorem@ultriciesadipiscingenim.net,$2a$10$XhPBG.s2Y2GkoZUFJFHIFu7WoTfttBxrE9Hxsta2IgmVKig7SaQEa,,,,0,,,,,Zoe Adkins,1,2581312617,78
79,pellentesque.ultricies@liberomaurisaliquam.com,$2a$10$THvBZ9tH2sdoTRE0DJ.SjeT/heRd/mMcYWBvw9oGerjnXzqRW94bm,,,,0,,,,,Carol Mcgowan,1,4974603233,79
80,egestas.aliquam.fringilla@mattiscraseget.net,$2a$10$nGnFcRy15FVbgGNbCbcl7ef/B1KbChxuhEYK5uD6okiG5RRgSB4L2,,,,0,,,,,Christopher Hayes,1,1063140679,80
81,ultrices.posuere@nislmaecenas.ca,$2a$10$YKiV6.t04ZnJZa4ZgWyyu.OiRn8Nuwj3m5C85S/CnPGViguBrULyO,,,,0,,,,,Hall Rhodes,0,4529744236,81
82,ipsum@dictum.com,$2a$10$U4.m8p0nVxI1x.au7pufPO0pEsmKYuZaR6efognyLzHhDZPQP3Icy,,,,0,,,,,Tallulah Ramsey,0,7434819737,82
83,nibh.aliquam.ornare@acturpisegestas.ca,$2a$10$T9lVrmXUsa/967XJwJwPMupjk.aomiqjaeV5Wy96vRYFxblDimOjO,,,,0,,,,,Montana Hutchinson,1,3595266862,83
84,fermentum.convallis.ligula@magnalorem.co.uk,$2a$10$f6JTO3Wb0khbDWoaVW/Y6e0cvRL.xhCfnXqWwT32C/GO5IpAX/HX.,,,,0,,,,,Xerxes Robertson,1,5617483746,84
85,vel.lectus@id.org,$2a$10$OW8Zb5fRmvWPqD6s1rWth.HUIZdsGtgIdbA7W1bldTZlpoWB.hGKe,,,,0,,,,,Wylie Ashley,0,8847177331,85
86,ipsum@risusdonec.net,$2a$10$3T.By22p7sr/5/lJV9hn4OOOfeNtFsAR4SqswvHnpSGb04ies8rtu,,,,0,,,,,Nevada Donovan,0,4236255994,86
87,massa.lobortis.ultrices@consequatdolorvitae.edu,$2a$10$xDnFUa565CZpqmfAiWmCde5GcryBe3Rnnd.lBaXmNhjPTa8vhU1fG,,,,0,,,,,Darius Hull,1,2761514135,87
88,conubia.nostra.per@consectetueradipiscingelit.net,$2a$10$g4ALPL/mhX.uFR4.vm9yyuEQeKNBlo1CHJijiNzeADgbqeW4nhz/.,,,,0,,,,,Wesley Mcguire,0,6349743567,88
89,gravida@molestie.org,$2a$10$E9QQMerGsCZyvLJTWAgrO.WdLfFdMnlBRVwAyCpK4Yn/zUjH9nO0q,,,,0,,,,,Jameson Fitzgerald,0,7154311697,89
90,vulputate.eu@eratvitae.co.uk,$2a$10$v88Qd2Xm4opZA9zKs01cdO52gOzfvLhlrR3ycezz7eOMvWdAPMaPK,,,,0,,,,,Benjamin Emerson,0,5136304870,90
91,fermentum.arcu@orciadipiscingnon.edu,$2a$10$3onFkZFFjHJwtorHmIwSzuV.vJ8nPXQ5UUfIKsLlBae9vO6sdoGH6,,,,0,,,,,Talon Morrison,0,9863677605,91
92,donec.luctus.aliquet@etiam.edu,$2a$10$THt.mGlVEZaroKcIO6ycOOSjBolbI0i2.NBo15TuJyIOjzoVx2CbC,,,,0,,,,,Sean Hubbard,0,7675539650,92
93,eu@ridiculusmus.co.uk,$2a$10$.Mqo0dxfoHRbJ6R8rApDZOF9usugAcQYDqkm8jLs2W5lMUhI9YTj2,,,,0,,,,,Zachery Hines,1,1531790324,93
94,proin.nisl@imperdietullamcorperduis.ca,$2a$10$IOu5r5pvbpORatLizIg78.pNAfhBtVsnMtu0vycImg85Mcurfxj6O,,,,0,,,,,Delilah Sharp,0,9225236245,94
95,iaculis@ullamcorper.org,$2a$10$fMKIbB1NSXZmoswIQcydl.HC6yx5m9jxSc1.ICTNq2BieUuHND09e,,,,0,,,,,Zephania Richmond,1,8091194407,95
96,ut.eros@integer.co.uk,$2a$10$lqeJDCpci4YU2fdChI2knefZSuitdG4YCFzvqfrDdSogdzrbl1ZdO,,,,0,,,,,Blake Barlow,0,4763971851,96
97,sed.eu@consectetuercursus.edu,$2a$10$Ag8Y81eq7xiCPFkgCXjc0u57m.Axf47luN2D08cAualOIxRkMFG5G,,,,0,,,,,Latifah Vega,0,7659989935,97
98,tortor.integer@nisiaeneaneget.ca,$2a$10$MSeU9E04QEwceIAAiX99v.I7fpSpxNuC6072YYhzHmlzIfn5kHWCe,,,,0,,,,,Taylor Sanford,1,5936055251,98
99,ut.ipsum@donecnibhquisque.ca,$2a$10$Sy1jreUcurHSObMg2I8DI..sLhFFXn7Jtr9U0N/0sy8XYyQ4Qodhe,,,,0,,,,,Melinda Franklin,0,3326371132,99
100,magna@enimcondimentumeget.net,$2a$10$aDTcG8gFfFtpfZHaNVW5l.muxdIC1fa7a3kZWFB56EF3GrjjYLXzK,,,,0,,,,,Cara Gilbert,0,4911021400,100
101,parturient.montes@lorem.net,$2a$10$z8JZZbc.8yqbRSf7lNEz7O8kuHVDEfZz1lKlfSnWBbPP6EzdWgiV.,,,,0,,,,,Eagan Rhodes,0,5986281684,101
102,sapien.aenean@consectetuermauris.edu,$2a$10$kygsNqFQ3ElTP6t9Sf6R4eXh7YiHcpErSQ5U6UTmo69r4hXmfBtEO,,,,0,,,,,Bradley Moore,0,5673630657,102
103,aliquam@aliquam.org,$2a$10$Sn3U8mNKBJqcxHsBZBf/nuNaDsNuHBNP2eVwlOosKs2fIh2wXEXJ.,,,,0,,,,,Isabelle Higgins,0,2753621823,103
104,vel.nisl.quisque@sedpharetra.edu,$2a$10$eNSHVmyat3M/.qaoraIicu./U5NCl4nKwjJCfCkx1laDeITWfVGi2,,,,0,,,,,Fay Calhoun,0,5432787404,104
105,lobortis@arcu.edu,$2a$10$KbSUQgdoTPI6/jLJ.WtYhePVYXO8V7Uibh29yAHSVxNMJpL0JETqq,,,,0,,,,,Amethyst Albert,1,5971629267,105
106,vel.arcu.curabitur@infaucibus.edu,$2a$10$l.pP0Pys1keHiU06.014NeL02rfeHKyyZuw7DnlfIeczHtoTyNlxG,,,,0,,,,,Demetria Matthews,0,4721659078,106
107,gkp@example.com,$2a$10$qc5gJaL2n3whDWigS8nYJetsNOjlXbqTHKAjvtWHq1zZSxsOnALR2,,,,0,,,,,George Preece,0,6392840427,1
