id,name,email,phone,address_id,role,password
2,Anabelle Liao,aliao@example.com,4216160000,2,1,default
3,Erik Combs,ecombs@example.com,4382719285,3,0,default
4,Natalie Bolduc,natalie@example.com,583716379,4,0,default
5,Madeleine Nilsen,mnilsen@example.com,5829774637,5,0,default
6,Patrik Larsson,patrik@example.com,7947252898,6,0,default
7,Evangeline Buck,sed.dui@Vestibulum.net,1091090678,7,1,default
8,Tanner Wright,Integer.eu.lacus@ut.co.uk,3773740888,8,0,default
9,Ali Lynn,ante@Utsemper.com,2021020067,9,0,default
10,Amery Mckenzie,sapien.gravida@tincidunt.net,5682851688,10,1,default
11,Jaquelyn Greene,Maecenas@viverraDonectempus.co.uk,3092372403,11,1,default
12,Renee Pruitt,Praesent.luctus.Curabitur@Duiselementum.ca,9187005914,12,0,default
13,Quinlan Giles,tellus@Proinnislsem.co.uk,5043966216,13,1,default
14,Ignatius Cooke,vulputate@pharetraQuisque.ca,2243313982,14,0,default
15,Kim Huff,ante.Nunc@magnis.co.uk,5209443227,15,0,default
16,Carissa Palmer,Donec.sollicitudin.adipiscing@tortorInteger.net,8036964466,16,1,default
17,Rooney Barrera,tempor.bibendum@enimSuspendissealiquet.edu,9699849319,17,1,default
18,Phelan Morales,nascetur@etrisus.ca,3127090645,18,1,default
19,Diana Maynard,diam@InloremDonec.edu,3079939846,19,1,default
20,Libby Robinson,gravida@etmagna.com,6577772797,20,1,default
21,Florence Watson,sed@faucibusleo.com,9121450416,21,0,default
22,Kato Norris,commodo.hendrerit.Donec@Vivamus.co.uk,4552712459,22,1,default
23,Castor Sparks,vitae.dolor.Donec@ac.net,2094829638,23,1,default
24,Ira Floyd,magna.nec@quis.org,8531208356,24,1,default
25,Shad Craft,sapien@risusvariusorci.ca,5438602291,25,1,default
26,Velma Chandler,mauris.Morbi@lectuspedeet.ca,7648298286,26,0,default
27,Forrest Erickson,eleifend.nec.malesuada@In.edu,2573830709,27,1,default
28,Melanie Orr,sapien@nonloremvitae.co.uk,9346457645,28,1,default
29,Darius Wong,ornare@cursus.net,6497596427,29,0,default
30,Glenna Holloway,pharetra@convallisestvitae.com,9146228489,30,1,default
31,Fatima Sargent,pellentesque@ridiculusmusAenean.org,8643679807,31,1,default
32,Akeem Terry,auctor.nunc.nulla@metusfacilisislorem.com,1613647359,32,1,default
33,Paula Porter,interdum@vehicula.co.uk,8849016838,33,0,default
34,Nero Drake,eu.ultrices.sit@fringillaest.org,8778862669,34,0,default
35,Rae Little,congue@aliquetdiamSed.ca,5976532433,35,0,default
36,Orson West,a.felis.ullamcorper@sit.ca,6187549728,36,1,default
37,Quynn Garner,risus@eu.com,9976446326,37,0,default
38,Helen Morrow,interdum.ligula.eu@nequeseddictum.co.uk,9139836416,38,0,default
39,Holmes Haynes,mi@Vivamusrhoncus.ca,4055494218,39,0,default
40,Ima Stark,Nulla@Nullaeu.edu,1234420086,40,0,default
41,Lesley Frye,risus.quis@antedictum.ca,2105886586,41,1,default
42,Dexter Petty,taciti.sociosqu@sit.com,1025672951,42,0,default
43,Galena Donaldson,ornare@Donecconsectetuer.ca,3771959947,43,0,default
44,Meredith Vaughn,turpis.nec@disparturient.co.uk,8873719142,44,1,default
45,Rashad Marks,massa.non@posuerecubilia.com,1012904156,45,1,default
46,Emerson Barr,posuere@euismod.com,2524948281,46,1,default
47,Hanna Padilla,molestie@fringillami.net,3289315199,47,1,default
48,Holly Noel,orci@ipsumSuspendissesagittis.co.uk,4599503257,48,1,default
49,Jenna Williams,sit@aliquameros.edu,2585288636,49,1,default
50,Haley Bradford,tristique.neque.venenatis@imperdietornare.org,4173095109,50,0,default
51,Riley Tanner,eleifend@Nullamscelerisqueneque.org,5577761554,51,1,default
52,Zelenia Silva,facilisis.eget@egestasascelerisque.org,7062148366,52,1,default
53,Jolie Hopper,vehicula.aliquet@blandit.co.uk,7415828650,53,1,default
54,Fallon Prince,nisl.elementum.purus@pellentesquetellus.org,9769777947,54,1,default
55,Sybill Kelly,arcu.ac@et.com,8086495765,55,1,default
56,Keith Allison,Donec.fringilla.Donec@cursusvestibulumMauris.edu,6006648765,56,0,default
57,Abel Duncan,dapibus.ligula.Aliquam@quislectusNullam.edu,9708601063,57,0,default
58,Yoko Byers,dolor.Donec.fringilla@enimsit.com,4635409224,58,1,default
59,Emerson Sanford,quam.a.felis@ipsum.edu,3536323663,59,1,default
60,Emerson Dillon,egestas@duisemper.edu,2709004058,60,1,default
61,Wynne Lawson,rutrum.lorem@massarutrum.net,9818743307,61,1,default
62,Serena Nelson,facilisi.Sed.neque@nequeSed.com,7422902940,62,0,default
63,Ivana Randolph,est@Namligulaelit.co.uk,2026226943,63,1,default
64,Echo Bush,pellentesque.tellus.sem@elita.net,9895659765,64,0,default
65,Oliver Pratt,eu.nibh@nullaat.com,7589022254,65,0,default
66,Amery Santiago,vulputate@velquamdignissim.org,2977652522,66,0,default
67,Raya Stuart,pede.sagittis@lacus.ca,5636220621,67,1,default
68,Boris Terry,urna@enimCurabiturmassa.net,3534866813,68,0,default
69,May Dunn,aliquet.diam@tinciduntadipiscingMauris.ca,5914953313,69,1,default
70,Cassandra Kaufman,malesuada.ut@porttitor.org,2964783846,70,0,default
71,Buckminster Stevens,libero.mauris@InfaucibusMorbi.ca,2652471519,71,0,default
72,Amir Schultz,eu.dolor.egestas@Phasellus.net,2575322148,72,1,default
73,Marvin Barton,mus.Proin@velitegestaslacinia.edu,4163829754,73,0,default
74,Prescott Hurst,malesuada.fringilla@vitaesodalesat.edu,7456637591,74,0,default
75,Bo Reid,risus.Quisque@dictum.ca,6676466624,75,1,default
76,Tashya Allen,at@ante.com,6611417298,76,0,default
77,Iliana Abbott,eget.lacus.Mauris@eueuismodac.net,3056141564,77,1,default
78,Zoe Adkins,metus.In.lorem@ultriciesadipiscingenim.net,2581312617,78,1,default
79,Carol Mcgowan,Pellentesque.ultricies@liberomaurisaliquam.com,4974603233,79,1,default
80,Christopher Hayes,egestas.Aliquam.fringilla@mattisCraseget.net,1063140679,80,1,default
81,Hall Rhodes,ultrices.posuere@nislMaecenas.ca,4529744236,81,0,default
82,Tallulah Ramsey,ipsum@dictum.com,7434819737,82,0,default
83,Montana Hutchinson,nibh.Aliquam.ornare@acturpisegestas.ca,3595266862,83,1,default
84,Xerxes Robertson,fermentum.convallis.ligula@magnaLorem.co.uk,5617483746,84,1,default
85,Wylie Ashley,vel.lectus@id.org,8847177331,85,0,default
86,Nevada Donovan,ipsum@risusDonec.net,4236255994,86,0,default
87,Darius Hull,massa.lobortis.ultrices@consequatdolorvitae.edu,2761514135,87,1,default
88,Wesley Mcguire,conubia.nostra.per@consectetueradipiscingelit.net,6349743567,88,0,default
89,Jameson Fitzgerald,gravida@molestie.org,7154311697,89,0,default
90,Benjamin Emerson,vulputate.eu@eratvitae.co.uk,5136304870,90,0,default
91,Talon Morrison,fermentum.arcu@orciadipiscingnon.edu,9863677605,91,0,default
92,Sean Hubbard,Donec.luctus.aliquet@Etiam.edu,7675539650,92,0,default
93,Zachery Hines,eu@ridiculusmus.co.uk,1531790324,93,1,default
94,Delilah Sharp,Proin.nisl@imperdietullamcorperDuis.ca,9225236245,94,0,default
95,Zephania Richmond,iaculis@ullamcorper.org,8091194407,95,1,default
96,Blake Barlow,ut.eros@Integer.co.uk,4763971851,96,0,default
97,Latifah Vega,Sed.eu@consectetuercursus.edu,7659989935,97,0,default
98,Taylor Sanford,tortor.Integer@nisiAeneaneget.ca,5936055251,98,1,default
99,Melinda Franklin,ut.ipsum@DonecnibhQuisque.ca,3326371132,99,0,default
100,Cara Gilbert,magna@enimcondimentumeget.net,4911021400,100,0,default
101,Eagan Rhodes,parturient.montes@lorem.net,5986281684,101,0,default
102,Bradley Moore,sapien.Aenean@consectetuermauris.edu,5673630657,102,0,default
103,Isabelle Higgins,Aliquam@Aliquam.org,2753621823,103,0,default
104,Fay Calhoun,vel.nisl.Quisque@Sedpharetra.edu,5432787404,104,0,default
105,Amethyst Albert,lobortis@arcu.edu,5971629267,105,1,default
106,Demetria Matthews,vel.arcu.Curabitur@infaucibus.edu,4721659078,106,0,default
107,George Preece,gkp@example.com,6392840427,1,0,default
